id,observed_on,latitude,longitude
109953,2012-07-24,32.3251658678,-90.1572126646
721613,2014-06-07,30.397806,-88.791989
2740935,2016-02-24,30.398095,-88.790076
3344023,2016-05-30,32.57730035,-89.8698928
4031401,2016-09-03,30.5947996192,-89.0583749861
5381242,2017-03-17,30.39550391,-88.7937584
6080162,2016-08-13,30.3977775574,-88.7900009155
6177810,2017-05-11,30.3978616667,-88.79
6294636,2016-09-24,34.7814944444,-89.9659361111
6316381,2017-05-07,33.067647,-90.269042
7882412,2014-08-11,30.3755572931,-88.7119066715
7910015,2017-09-06,30.3534661946,-89.136813506
8062671,2017-07-19,30.4147638889,-88.5432972222
9134597,2017-12-12,30.39792328,-88.79016611
9255254,2017-12-20,30.3913896,-88.7910023
9282337,2017-09-03,30.4105310989,-88.7795459479
9631896,2018-01-27,30.3979277778,-88.7901222222
9739812,2016-11-09,31.5279372836,-89.5366999872
9905195,2018-02-16,31.4369020834,-89.3077325821
9966533,2018-02-19,30.3633906346,-88.76726655
9969782,2017-11-15,30.3754641,-89.6140166
10044938,2018-03-01,30.3951616667,-88.7970583333
10107486,2013-09-15,30.3593970326,-88.6730146408
10398189,2018-03-24,33.2724960837,-88.779553324
10490258,2018-03-22,32.5795099426,-89.8700523376
10869958,2018-04-13,30.3977478,-88.79201431
10899519,2018-04-13,30.3980055151,-88.7901782244
11456731,2018-04-25,33.8463166667,-90.081305
11513836,2018-04-27,30.3924340988,-88.7880295236
11513979,2018-04-27,30.3925032076,-88.7879705989
11514278,2018-04-27,30.3936828766,-88.7880809047
11517710,2018-04-27,30.3978491854,-88.7900483888
11633567,2018-04-28,30.3978848923,-88.7899531704
11634044,2018-04-28,30.3979136003,-88.78996172
12087182,2018-05-01,30.3924,-88.7883383333
12147044,2018-04-29,30.2103941485,-88.9311804376
12370204,2017-07-19,30.4147638889,-88.5432972222
12402331,2018-05-11,31.1833975587,-89.735212326
12806367,2018-05-23,30.43498031,-88.43756856
12894293,2017-05-30,30.39792,-88.7901
12961853,2018-04-08,33.2708043661,-88.7844703956
12972529,2018-02-07,33.2862671018,-88.8049091566
13152280,2018-06-05,33.7855983333,-90.1467083333
13193445,2018-06-06,32.3378098518,-90.1324480123
13289028,2018-06-09,33.2750890551,-88.7770828519
13312214,2018-06-10,31.3793359,-91.3987257
13495150,2018-06-16,31.42599,-91.4531355
13569029,2018-06-16,31.3515621046,-91.4410787422
13599838,2018-04-28,33.2634716667,-88.80648
13677892,2018-06-14,33.26099,-88.81421
13764134,2018-06-25,33.2805123414,-88.80899527
13907140,2017-04-06,30.39588085,-88.79399273
13979622,2018-06-15,30.405865,-88.819276
14069929,2018-07-05,33.2822693214,-88.8055118262
14267753,2018-07-10,30.3978716667,-88.7901
14512762,2018-05-08,33.2710897712,-88.7831592619
14579917,2018-07-21,33.2821121216,-88.7911682129
14961062,2018-07-30,30.4498616667,-88.6613533333
15021418,2018-08-01,30.449842453,-88.6611938477
15208478,2018-08-06,31.3372325463,-91.4408497149
15213077,2018-08-04,33.274,-88.791
15270110,2018-08-08,33.2639415387,-88.7806564977
15366704,2018-08-12,31.42599,-91.4531355
15439565,2018-08-13,33.2901372669,-88.7826463292
15661444,2018-05-04,30.4057719234,-88.6266129391
15887133,2018-08-25,30.2081116667,-88.9762633333
15934582,2018-08-26,33.2711433,-88.7836106
16017228,2018-02-22,31.42599,-91.4531355
16025085,2018-08-29,33.0204971667,-90.3186333333
16057802,2009-06-25,32.5843169743,-89.858694311
16059941,2018-05-02,33.271625,-88.7761166667
16103961,2018-08-31,33.2819370021,-88.8058460868
16151073,2018-09-02,31.42599,-91.4531355
16190612,2017-11-16,31.42599,-91.4531355
16191973,2017-11-26,31.42599,-91.4531355
16219989,2017-11-29,31.42599,-91.4531355
16359130,2018-09-08,33.2742083333,-88.7904966667
16370579,2018-09-01,33.2689522748,-88.7845657021
16406710,2017-09-16,31.42599,-91.4531355
16412008,2010-11-23,33.0789800395,-91.0269299451
16609839,2018-09-16,31.42599,-91.4531355
16700542,2017-08-05,31.42599,-91.4531355
16737237,2017-07-29,31.42599,-91.4531355
16762687,2005-05-05,30.3715697,-88.8395037
16809022,2018-09-22,30.3559916667,-88.6912
16984576,2017-04-28,32.5794342,-89.8699551
17625820,2018-10-18,33.84607,-90.0804566667
17793433,2018-10-18,33.2722596464,-88.7897675593
17800669,2018-10-24,32.3247367842,-90.1566927229
17927945,2018-10-27,33.2841954441,-88.7783837603
17938543,2018-10-29,30.4070089615,-88.8180498226
18063014,2018-10-29,33.2779352778,-88.7775408333
18082585,2018-11-03,33.2711066166,-88.7775521688
18217774,2018-05-08,30.3536027778,-89.137025
18264377,2018-10-15,32.32688663,-90.1466417313
18296860,2018-10-13,33.274,-88.79
18419877,2018-10-12,33.2775269847,-88.7762812311
18421222,2018-10-28,33.3533032729,-90.2440813476
18433061,2018-10-12,33.2827675362,-88.7790470461
18486751,2018-10-12,33.272555831,-88.7898551731
18510731,2018-10-10,33.2740773354,-88.7903367486
18582827,2018-11-22,33.2724386111,-88.7769594444
18628782,2018-11-25,31.54597,-90.4504783333
18664852,2018-10-28,30.4101187972,-88.9582884311
18669899,2018-04-13,30.3919043644,-88.7910747528
18669900,2018-04-13,30.3919043644,-88.7910747528
18689311,2018-11-21,33.2812483612,-88.802569744
18727155,2018-11-28,33.2729491667,-88.7901872222
18729163,2018-11-28,33.2832866667,-88.7788805556
18742447,2018-11-29,33.2820375,-88.7782791667
18745278,2018-11-29,33.2709941667,-88.7832094444
18745341,2018-11-29,33.2709941667,-88.7832094444
18746808,2018-11-29,33.2671025,-88.8455608333
19293954,2018-12-27,30.3978472222,-88.7901472222
19362523,2018-12-31,31.6862916667,-90.3453966667
19367365,2019-01-01,30.3727371423,-88.5235602026
19392499,2018-09-20,31.779797071,-90.1062727814
19553158,2018-09-27,30.4099805344,-88.9564806378
19630606,2018-06-01,32.5237666667,-89.9466866667
19683499,2018-07-15,32.5236666667,-89.9441616667
19709827,2013-08-30,30.6712532157,-88.632406787
20044947,2019-02-02,30.3980077498,-88.7901133428
20328984,2019-02-13,30.4417051378,-88.6048433132
20897785,2019-03-02,30.4320416667,-88.6581616667
21117463,2019-03-10,32.5236366667,-89.9439083333
21135292,2019-03-10,30.3991777778,-88.6464527778
21237669,2019-03-14,30.9279444018,-88.6025635039
21620785,2019-03-23,33.2711433,-88.7836106
21876010,2017-03-18,30.2230281284,-89.5459505048
22070016,2019-04-05,33.2730181609,-88.7898799126
22131050,2019-04-06,33.281659332,-88.8027916912
22151664,2019-04-07,30.3924111111,-88.7880861111
22171322,2019-04-07,30.3918303281,-88.7911605835
22173190,2019-04-07,30.397904722,-88.7901185042
22343790,2019-04-11,30.4320216667,-88.6566866667
22687176,2019-02-03,30.3981139999,-88.7898335839
22767803,2019-04-20,32.5291559,-89.94386577
23323803,2019-04-15,30.39788788,-88.79278229
23441537,2019-04-21,32.3912079601,-90.0364113711
23801796,2019-04-27,32.5868851343,-89.8571910164
24192744,2018-03-20,30.4377583333,-88.435045
24613799,2019-05-05,31.5831265004,-89.2877129017
24776945,2019-05-06,31.3515149379,-91.4313983411
24963098,2019-05-11,30.3971340414,-88.791655948
25194439,2016-10-23,31.42599,-91.4531355
25240973,2016-08-20,32.5845209409,-89.8617647533
25243218,2014-05-04,31.7032555,-91.3755634
25331898,2016-07-09,31.3731732,-91.1676975
25437384,2019-05-18,30.524947671,-88.7782244659
25503050,2019-05-21,30.3272689413,-88.557276084
25688113,2019-05-19,31.3515833333,-91.42728
26675066,2019-04-23,30.392325,-88.7880333333
27302572,2019-06-19,30.3979515191,-88.7901214946
27466664,2019-06-22,31.3165206125,-89.2678719534
27470126,2019-06-22,31.42599,-91.4531355
27759185,2019-06-27,30.4656303341,-88.6031938811
27879696,2018-11-30,33.2781820582,-88.7807319654
28232343,2019-07-04,30.3268916667,-88.4626611111
28712340,2013-07-16,30.3796030332,-88.6139106446
29733124,1997-07-13,33.0809251,-90.9711324
30076582,2019-08-02,32.0326138048,-90.6387103433
30143989,2019-08-03,31.42599,-91.4531355
30330689,2019-08-06,31.4089664181,-91.1860171704
30823022,2019-08-13,30.2359011,-88.669948
31322557,2019-08-22,31.3622147,-91.4174548
31478139,2019-08-25,33.27437766,-88.79059217
32578581,2019-09-11,31.42599,-91.4531355
33512799,2019-09-25,33.2671200451,-88.781426847
34136367,2019-10-09,31.42599,-91.4531355
34230811,2019-10-11,31.545975,-90.4505083333
34433063,2018-07-29,30.372952511,-88.7025815563
34467866,2019-10-06,30.3923483333,-88.7879833333
34467868,2019-10-06,30.3923483333,-88.7879833333
34467872,2019-10-06,30.3923083333,-88.7879583333
34467907,2019-10-06,30.3923983333,-88.7878983333
34467921,2019-10-06,30.3979183333,-88.7900833333
34604602,2019-10-19,31.42599,-91.4531355
34673516,2019-05-14,30.3604354858,-88.7643585205
34844207,2019-10-24,31.42599,-91.4531355
35448581,2019-11-06,30.392225,-88.788065
36094423,2005-08-19,30.379686684,-88.7085737118
36257945,2019-12-01,30.4008116667,-88.7522283333
37560922,2020-01-13,30.392325,-88.7880388889
37594595,2020-01-14,30.3922328998,-88.7879828364
37594609,2020-01-14,30.3978823217,-88.7904088944
37657387,2020-01-16,30.4064719401,-88.8174418733
38119141,2019-11-07,31.3513144181,-91.4247088689
38304712,2020-02-04,30.445166,-88.425399
38335122,2020-02-04,30.4455236111,-88.4254369444
38450398,2020-02-03,30.3974216465,-88.7919947505
38814964,2020-02-16,33.2776893176,-88.7942873687
39300245,2020-02-23,30.39791,-88.7901266667
39434366,2020-03-01,30.5046805443,-88.6947382767
39733358,2020-03-08,31.7589991986,-90.2148786055
39822034,2019-05-01,30.3169415786,-89.4021471323
39851645,2020-03-11,30.3923892,-88.78806321
39922782,2020-03-12,30.4437929757,-88.6969165497
39994226,2020-03-13,31.66175833,-88.72048833
40289270,2020-03-12,30.4465203372,-88.4252040088
40327474,2020-03-20,32.5429061256,-89.9206709862
40367052,2020-03-21,33.2782134387,-88.794590091
40403112,2020-03-21,30.39768833,-88.79202167
40541670,2020-03-22,33.2712422451,-88.7815534976
40549851,2020-03-22,30.4400256621,-88.7761165243
40769965,2020-03-26,33.2821,-88.77838
40779527,2019-07-03,30.368943959,-88.7933302862
40852629,2020-03-27,32.5429061256,-89.9206709862
40893407,2020-03-28,32.3702031607,-90.0122354832
40915125,2020-03-28,30.3496194444,-88.71405
41138737,2020-03-31,30.4166424789,-88.6545308806
41318949,2020-04-03,32.4636318652,-90.0453672564
41327017,2020-04-01,31.6932,-88.57891167
41339745,2020-04-01,33.27840833,-88.79445
41418004,2020-04-04,31.936641799,-90.0186143745
41577301,2015-06-24,33.281044737,-88.7799280603
41653431,2020-03-07,32.5535998889,-89.8890133333
41750098,2020-02-12,30.44556167,-88.425055
41922824,2020-04-10,32.5429061256,-89.9206602573
41922830,2020-04-10,32.5429061256,-89.9206602573
42088177,2020-04-13,30.4156940477,-88.5419461504
42781169,2020-04-21,31.48477,-91.42453
43192292,2020-04-24,32.5429061256,-89.9206709862
44207979,2020-04-28,33.8387816667,-90.0895183333
44292418,2020-04-29,32.1228644308,-89.6192364309
44412465,2000-04-17,31.4232853116,-91.4807183635
44682734,2020-05-02,31.4089890855,-91.1861614639
45337013,2020-05-06,32.87625,-90.5723416667
45414638,2020-05-09,33.2727415113,-88.7894533786
45423343,2020-05-09,30.4,-88.8
45842947,2020-05-10,33.2711432751,-88.7836105004
45901212,2020-05-14,33.7560466606,-90.1518009051
45941095,2020-05-14,33.030075,-90.31018
46144895,2003-03-18,32.2955517387,-89.6533391385
46842404,2020-05-22,32.5126722686,-90.991244336
47103329,2020-05-23,32.28950383,-90.1769124717
47553426,2020-05-27,30.3744159477,-88.5687953451
48046541,2020-05-31,32.3521086697,-90.07309971
48147585,2019-12-15,30.39229997,-88.78796225
48228679,2020-05-31,32.351486461,-90.0723081567
49399548,2020-06-12,30.3739416667,-88.707625
49827972,2020-06-15,30.3924305556,-88.7880777778
50001190,2020-04-24,30.3594969611,-88.5608016569
50176604,2020-06-18,30.3840280491,-89.3674243267
50348082,2020-06-20,32.478645097,-90.1709948589
50587510,2016-03-29,30.4355898754,-88.4374885261
50939004,2020-06-24,32.6849215551,-90.2739568774
51240570,2020-06-28,33.2784592925,-88.7938857079
52078677,2020-07-05,30.39245333,-88.78805
52303888,2020-07-07,30.3922929768,-88.7880267523
52621123,2020-07-09,30.3938873775,-88.7879341799
52697838,2020-07-10,31.2677955414,-91.0494112272
52839872,2020-07-11,30.3918303281,-88.7915039063
52979200,2020-07-13,30.3937583333,-88.7880616667
53002097,2020-07-13,31.28848,-89.21775
53003258,2020-07-13,30.3937983333,-88.787995
53003837,2020-07-13,30.3923533333,-88.7880216667
53082820,2020-07-13,32.2861384294,-90.0756056571
53319444,2020-07-16,30.3613057098,-88.7632193726
53493414,2020-07-17,31.44699667,-90.84801333
53876853,2020-07-21,33.7837476469,-90.145876312
54220405,2020-07-24,31.42599,-91.4531355
54468807,2020-07-26,31.42599,-91.4531355
54762724,2020-07-29,30.39243,-88.787995
55920170,2020-08-09,30.3979580244,-88.79017571
57065163,2020-08-20,30.39231333,-88.78803833
58070579,2020-08-30,30.392372869,-88.787983507
58070684,2020-08-30,30.392372869,-88.787983507
58070899,2020-08-30,30.4135376627,-88.7948972555
58684660,2017-07-11,33.027346,-89.920365
59191306,2020-09-10,31.42599,-91.4531355
59197346,2020-09-05,33.274175,-88.79031333
59368700,2020-09-12,31.18115038,-90.52100654
59375995,2020-09-12,31.1811639799,-90.52083677
59637230,2020-09-09,33.1413864,-90.8715289997
60066664,2020-09-17,30.3398051791,-88.5190077443
60239937,2016-03-26,32.4058512992,-89.8423734771
61756594,2020-08-10,32.3874295726,-89.9680997143
62455664,2020-03-11,32.4032729881,-90.0748736078
62798413,2020-10-17,31.2169648807,-89.3629398384
62821293,2020-10-17,31.42599,-91.4531355
62897945,2020-09-16,30.3592277778,-89.6022138889
63176147,2020-10-21,33.270895,-88.777625
63919087,2020-10-31,31.42599,-91.4531355
64289196,2020-11-06,33.2825052634,-88.7801863253
64364453,2020-11-07,30.3272752191,-89.6299219973
64364465,2020-11-07,30.327175,-89.6298216667
64393704,2020-11-07,31.42599,-91.4531355
66032287,2018-03-25,30.3928601777,-88.7974525173
66530144,2020-12-13,30.3957124103,-88.7921545518
66657382,2020-12-16,32.4325891092,-88.5227089045
67597243,2020-12-28,30.3979871854,-88.7900344662
67616887,2021-01-04,30.3494805556,-88.7134944444
69461881,2007-03-12,30.4174617942,-88.9979322619
69860614,2011-05-04,30.3678367947,-88.7137915921
69956889,2021-02-20,30.39768,-88.790115
70539632,2021-03-03,30.3284469637,-89.6267725226
70963427,2021-03-10,30.3289545793,-89.6268030743
70974155,2021-03-10,30.4148279583,-88.5427238525
71145052,2021-03-13,30.3994747396,-88.7553930505
71548347,2021-03-18,31.33936816,-91.42056942
71548355,2021-03-18,31.36081752,-91.41719557
71749584,2021-03-21,31.3425697021,-91.4270453351
71772887,2021-03-01,30.3918514,-88.791067
71781880,2017-04-02,30.3967302532,-88.7898485678
71781881,2017-04-02,30.3948595925,-88.7912708775
71989380,2021-03-20,30.3484824053,-88.7108250998
72102011,2021-03-26,30.3811908456,-89.6169274306
72102136,2021-03-26,30.382322221,-89.616976481
72226032,2021-03-22,30.4147283333,-88.5434083333
72229092,2021-03-27,32.9480820593,-90.509377756
72911973,2021-04-04,30.4101626983,-88.9576968313
73034503,2021-04-05,30.3822517898,-89.6178494872
73034537,2021-04-05,30.3822517898,-89.6178494872
73131038,2021-04-06,30.3822517898,-89.6178494872
73131069,2021-04-06,30.3822517898,-89.6178494872
73245872,2021-04-07,30.3815321894,-89.6163575215
73402651,2021-04-07,30.3918303281,-88.7911605835
73769321,2021-04-12,30.3822517898,-89.6178494872
73811623,2021-04-11,33.269375,-88.78325
73861783,2021-04-13,30.3822517898,-89.6178494872
74106672,2021-04-15,30.3813077952,-89.6178134481
74106757,2021-04-15,30.3822103622,-89.6171120926
74167170,2021-04-16,30.3822517898,-89.6178494872
74167177,2021-04-16,30.3822517898,-89.6178494872
74167179,2021-04-16,30.3822517898,-89.6178494872
74549574,2021-04-19,30.3822517898,-89.6178494872
74549575,2021-04-19,30.3822517898,-89.6178494872
74549581,2021-04-19,30.3822517898,-89.6178494872
74549585,2021-04-19,30.3822517898,-89.6178494872
74658290,2021-04-20,30.3822517898,-89.6178494872
74658300,2021-04-20,30.3822517898,-89.6178494872
74705444,2021-04-20,30.406576378,-88.8174986275
74769192,2021-04-21,30.3979982188,-88.7898138291
74773900,2021-04-21,30.3923328673,-88.7880238251
74861343,2021-04-22,30.3822517898,-89.6178494872
74861345,2021-04-22,30.3822517898,-89.6178494872
74861387,2021-04-22,30.3822517898,-89.6178494872
74953539,2021-04-23,30.3822517898,-89.6178494872
74953541,2021-04-23,30.3822517898,-89.6178494872
74953542,2021-04-23,30.3822517898,-89.6178494872
74956941,2021-04-20,30.3304513262,-88.4782435778
75113249,2021-04-24,30.3475518958,-89.6137410686
75347068,2021-04-26,30.3822517898,-89.6178494872
75551316,2021-04-26,33.7681783118,-90.1429637077
75580875,2021-04-28,30.380431728,-89.6173496842
75897181,2021-04-30,30.3822517898,-89.6178494872
75897199,2021-04-30,30.3822517898,-89.6178494872
75897216,2021-04-30,30.3822517898,-89.6178494872
75897253,2021-04-30,30.3822517898,-89.6178494872
75897283,2021-04-30,30.3822517898,-89.6178494872
75897302,2021-04-30,30.3822517898,-89.6178494872
76162905,2021-05-01,31.2361991265,-89.8409767218
77020475,2021-05-03,30.3822517898,-89.6178494872
77020492,2021-05-03,30.3822517898,-89.6178494872
77316750,2021-05-04,30.3822517898,-89.6178494872
77652229,2021-05-06,30.3797156784,-89.6169914969
77652430,2021-05-06,30.3817792806,-89.617850206
77916081,2021-05-01,32.39402,-89.9328466667
78116432,2021-05-09,31.42599,-91.4531355
78160377,2021-05-07,32.8770996787,-90.5760859381
78179467,2013-08-27,33.2643500423,-88.7833027169
78350965,2019-09-29,30.397925,-88.79013
78361641,2021-05-03,33.7562437296,-90.1513524959
78478281,2021-03-07,30.4349616667,-88.4374916667
78480538,2021-05-11,32.3865383333,-89.9667666667
78493216,2021-05-12,30.3470688547,-89.6137158796
78495992,2019-09-28,30.4478864901,-88.6537397121
78522588,2021-05-12,30.3807114445,-89.6168655535
78610113,2021-05-13,30.3822517898,-89.6178494872
78610121,2021-05-13,30.3822517898,-89.6178494872
78610129,2021-05-13,30.3822517898,-89.6178494872
78621103,2021-05-13,30.3803361383,-89.6178978692
78629442,2019-06-09,31.570023517,-89.0330474549
78751522,2021-05-14,30.3801377386,-89.6178959396
78880562,2021-05-14,30.4319928035,-88.6583081516
78941332,2021-05-15,32.5794342,-89.8699551
78941343,2021-05-15,32.5794342,-89.8699551
79146615,2021-05-16,30.4092290762,-89.0146272241
79174264,2021-05-17,30.3822517898,-89.6178494872
79304471,2021-05-18,30.3822517898,-89.6178494872
79434732,2021-04-30,30.2903022512,-88.6871789996
80246031,2021-05-22,30.3340791738,-89.5786118145
80631609,2021-05-25,32.328535,-90.1480183333
80801838,2021-05-29,32.3248416667,-90.1566388333
81169080,2021-05-30,33.2625215085,-88.7793824068
81169654,2021-05-30,33.2746465594,-88.7906131319
81170154,2021-05-30,33.2747193074,-88.7906083732
81712232,2021-06-04,30.3680496216,-89.0879516602
81848605,2021-06-05,32.328555,-90.14617
81956098,2021-06-06,33.0833210791,-90.9801194072
82234412,2021-06-08,30.3799425795,-89.6170712948
82234457,2021-06-08,30.3802135016,-89.6172518201
82923327,2021-06-13,30.3656543125,-89.0871810131
83582383,2021-06-17,33.2825445747,-88.780904688
84087548,2021-06-22,30.3822517898,-89.6178494872
84087569,2021-06-22,30.3822517898,-89.6178494872
84087573,2021-06-22,30.3822517898,-89.6178494872
84470455,2021-06-25,30.3803932967,-89.6170439421
85054044,2021-06-29,30.3800622483,-89.6169702928
85129858,2021-06-30,30.3822517898,-89.6178494872
85249545,2021-07-01,30.3822517898,-89.6178494872
85491024,2021-07-03,30.3212252579,-88.7922880968
85492053,2021-07-03,30.3649259822,-88.7963244091
85542605,2021-07-03,30.3044147871,-88.7531490369
85566015,2021-07-03,30.2570812702,-88.6929220286
85724617,2021-07-04,30.3659814548,-88.6234780223
85859620,2021-07-05,30.4163867927,-88.7907184538
85862757,2021-07-05,33.2746124268,-88.7823028564
85876655,2021-07-05,30.4083050022,-89.015625
86062927,2021-07-07,30.3822517898,-89.6178494872
86236768,2021-07-08,30.3801712788,-89.6170574136
88899210,2021-07-27,30.3928842,-89.6734256
89154225,2015-07-29,30.8947918483,-89.469300847
90103360,2021-08-05,30.4046414643,-88.7784072606
90337476,2021-08-07,31.42599,-91.4531355
90347466,2021-08-07,30.3901370601,-88.4433779164
90950369,2021-08-12,30.3962935181,-88.7922193855
91009846,2021-07-23,33.2825867262,-88.7809069619
91066702,2021-08-13,31.42599,-91.4531355
91094989,2021-07-09,33.2724523256,-88.7763193467
91999662,2021-08-21,32.5780300971,-89.8697385192
92176179,2021-07-28,32.3524189515,-90.0725452469
92184265,2021-08-22,31.42599,-91.4531355
93395790,2021-09-02,30.3822517898,-89.6178494872
93395819,2021-09-02,30.3822517898,-89.6178494872
93395846,2021-09-02,30.3822517898,-89.6178494872
93492546,2021-09-02,32.5234034804,-89.9450752013
93501040,2021-09-03,30.3822517898,-89.6178494872
93757754,2021-05-16,32.5320466667,-89.9431533333
94126695,2021-09-08,30.3822517898,-89.6178494872
94238506,2021-09-09,30.3822517898,-89.6178494872
94739254,2021-09-13,30.3822517898,-89.6178494872
94739256,2021-09-13,30.3822517898,-89.6178494872
94739278,2021-09-13,30.3822517898,-89.6178494872
94847914,2021-09-14,30.3822517898,-89.6178494872
94847930,2021-09-14,30.3822517898,-89.6178494872
94847950,2021-09-14,30.3822517898,-89.6178494872
94959117,2021-09-15,32.324535,-90.15649
94960667,2021-09-05,30.4082916667,-89.0144666667
95070469,2021-09-16,30.3801649405,-89.6171589482
95070680,2021-09-16,30.380327593,-89.6172340922
95168662,2021-09-17,30.3822517898,-89.6178494872
95426753,2021-09-19,31.42599,-91.4531355
95445247,2021-09-19,30.43212216,-88.65810923
95460832,2021-09-19,30.3988383333,-88.8158283333
95566282,2021-09-20,30.3822517898,-89.6178494872
95682958,2021-09-21,30.3822517898,-89.6178494872
95682968,2021-09-21,30.3822517898,-89.6178494872
95682969,2021-09-21,30.3822517898,-89.6178494872
95682971,2021-09-21,30.3822517898,-89.6178494872
95781548,2021-09-22,30.3279068,-89.6275705
95870818,2021-09-23,30.3822517898,-89.6178494872
95870827,2021-09-23,30.3822517898,-89.6178494872
95896103,2021-09-23,32.326825,-90.1458805
95994630,2021-09-24,32.2631429757,-90.0059701798
96319756,2021-09-26,30.43210963,-88.6591450401
96747621,2021-09-30,30.3923111111,-88.788025
97107818,2021-10-03,30.3264933968,-88.6397386274
97273631,2021-10-05,30.3822517898,-89.6178494872
97593255,2021-10-08,30.3923166667,-88.78807
97941269,2021-10-11,30.3978583333,-88.7901533333
98122891,2021-10-13,30.3822517898,-89.6178494872
98234005,2021-10-14,30.3800056803,-89.6171429969
98646897,2021-10-18,30.3801594091,-89.6170035204
99033519,2021-10-22,30.3801071084,-89.616562387
99116850,2021-10-22,30.397725,-88.7919466667
99324860,2021-10-16,30.4023416667,-89.0384221667
99526915,2021-02-02,30.3679962158,-89.0880355835
99644185,2021-10-28,30.3822517898,-89.6178494872
100004188,2021-11-01,30.3800014911,-89.6168884335
100091614,2021-11-02,31.4543111148,-91.4476586851
100097477,2021-11-02,30.3799260609,-89.6168270293
100097883,2021-11-02,30.3800686849,-89.616597594
100261353,2021-11-04,30.3799320866,-89.6169486475
100261491,2021-11-04,30.3801633788,-89.6167656892
100261559,2021-11-04,30.3799415101,-89.6170606982
100634313,2021-11-08,30.379924213,-89.6167221201
100782546,2021-09-10,30.3936173431,-88.7880885045
100798231,2021-11-10,30.3801021209,-89.6168230803
101224478,2021-11-15,30.3800205098,-89.6168612033
101272770,2021-11-16,30.3799407456,-89.6168518585
101364046,2021-11-17,30.3822517898,-89.6178494872
101490276,2021-11-19,30.3799192879,-89.6168013496
101490363,2021-11-06,30.4009395485,-88.7720971142
101776378,2021-11-23,30.3822517898,-89.6178494872
101780176,2021-11-22,33.2749625173,-88.7900281933
101835180,2021-11-24,30.3822517898,-89.6178494872
101953419,2021-11-22,30.3847697994,-89.0938613105
102184627,2021-11-29,30.3822517898,-89.6178494872
102198526,2018-05-02,33.271605,-88.7760866667
102207895,2021-09-11,30.3960318,-88.8853078
102829557,2021-12-10,30.3822517898,-89.6178494872
102835521,2021-12-10,30.3797458356,-89.6176380064
103019889,2021-12-13,30.3799803865,-89.6165352112
103020061,2021-12-13,30.3798411551,-89.6167154445
103764884,2021-12-27,30.3799165889,-89.6165386511
103914515,2021-12-29,30.43211128,-88.65812342
103916583,2021-12-29,30.3799428527,-89.6166157773
103919425,2021-12-29,30.4321214701,-88.65940481
103990267,2021-12-30,30.3795568509,-89.6176563162
104475955,2022-01-06,30.3822517898,-89.6178494872
105539896,2021-10-11,30.3924026,-88.7879525
107002744,2022-02-18,30.397865,-88.7899916667
107218279,2022-02-21,30.3498309368,-88.712642086
107342885,2022-02-23,31.3495616809,-91.4229836892
107342886,2022-02-23,31.3494954957,-91.4228864219
107603535,2022-02-26,30.3979893714,-88.7902022941
108606093,2022-03-14,33.2828829722,-88.778542
108765913,2022-03-11,30.3980022608,-88.7900261575
108828407,2022-03-17,30.4162529018,-88.8327314705
108882768,2022-03-17,33.2792530868,-88.7949326709
108894841,2022-03-18,32.578322838,-89.8684754142
109006727,2022-03-19,32.2719368316,-89.0175703394
109071520,2022-03-20,32.5790383333,-89.870225
109223094,2022-03-21,33.7576865101,-90.1484729034
109223095,2022-03-21,33.754834056,-90.148574404
109242185,2022-03-22,32.3144148009,-90.1007622879
109257262,2022-03-22,30.4321044601,-88.65808797
109831344,2022-03-28,30.4010205047,-88.7554268339
110141553,2022-04-01,30.391902,-88.7997409722
110141844,2022-04-01,30.2166749722,-89.486348
110211161,2022-04-02,31.4033360537,-91.1901339104
110399273,2022-04-04,30.3450959647,-89.3084140273
110409304,2022-04-04,32.3273890017,-90.1491889954
110442040,2022-04-04,33.272095,-88.77707
110486193,2022-03-28,30.4008106315,-88.7558657181
110682242,2022-03-26,33.2655916667,-88.8090883333
110764668,2022-04-02,30.43204545,-88.65822176
110877147,2022-04-09,31.3765725391,-91.1647639912
110918613,2019-03-13,31.5447133675,-91.504585601
111150098,2022-04-11,30.40085501,-88.75522788
111150547,2022-04-11,30.4007504,-88.75484759
111342481,2022-04-13,30.3822517898,-89.6178494872
111342482,2022-04-13,30.3822517898,-89.6178494872
111369449,2022-04-13,30.3796626931,-89.6174763399
111369715,2022-04-13,30.380043188,-89.6174370378
111369744,2022-04-13,30.3799557147,-89.6172711406
111414741,2022-04-14,32.49167,-91.072975
111418329,2022-04-14,32.3929901123,-89.9629592896
111435440,2022-04-14,30.3822517898,-89.6178494872
111435447,2022-04-14,30.3822517898,-89.6178494872
111435453,2022-04-14,30.3822517898,-89.6178494872
111435457,2022-04-14,30.3822517898,-89.6178494872
111460519,2022-04-14,30.3801044894,-89.6174491094
111460655,2022-04-14,30.3805896313,-89.6176376215
111569139,2022-04-15,30.3791199026,-89.6174271739
111569313,2022-04-15,30.3791661868,-89.6172069733
111569849,2022-04-15,30.3800810408,-89.6175605973
111786845,2022-04-17,32.4618016235,-90.1153638214
111954640,2022-04-18,30.3822517898,-89.6178494872
111975018,2022-04-18,30.3798923012,-89.6173781937
111975135,2022-04-18,30.3801376593,-89.617535536
111975158,2022-04-18,30.3794388631,-89.6164954728
111986293,2022-04-18,32.3888866723,-89.9449783333
112047849,2022-04-18,32.578655,-89.869745
112087407,2022-04-19,30.380457393,-89.6174296977
112087655,2022-04-19,30.3801749699,-89.6174410346
112087760,2022-04-19,30.3803501467,-89.6173555629
112113628,2022-04-19,33.2783383333,-88.7945416667
112176804,2022-04-20,30.3822517898,-89.6178494872
112176823,2022-04-20,30.3822517898,-89.6178494872
112176827,2022-04-20,30.3822517898,-89.6178494872
112193741,2022-04-20,30.3801694378,-89.6175375231
112552163,2022-04-23,32.5226383333,-89.9663166667
112552570,2022-04-23,32.5786383333,-89.8703383333
112552628,2022-04-23,32.5785716667,-89.8704
112594610,2022-04-23,31.3624689,-91.4167433
112690936,2022-04-24,32.4531173857,-90.0758925919
112711724,2022-04-24,32.578545,-89.8703783333
112760713,2022-04-24,32.5785416667,-89.8703833333
112789397,2022-04-23,32.3157002743,-90.3775873045
112879591,2022-04-25,30.3822517898,-89.6178494872
112879594,2022-04-25,30.3822517898,-89.6178494872
112879596,2022-04-25,30.3822517898,-89.6178494872
112888817,2022-04-25,30.379334818,-89.6164627032
113020069,2022-04-26,30.3793819502,-89.6159428164
113100636,2022-04-27,30.3797376533,-89.6176088791
113100834,2022-04-27,30.3802377157,-89.6178902543
113168264,2022-04-26,30.392155,-88.7756883333
113516463,2022-04-27,30.36402,-89.0900028333
114898326,2022-05-02,30.3771774025,-88.5183373023
115179540,2022-05-03,30.3822517898,-89.6178494872
115255213,2022-04-27,30.397373416,-88.7919775927
115285124,2022-05-03,30.3798879683,-89.6174764986
115513709,2022-05-03,30.4352333333,-88.4366805556
115807366,2022-05-06,33.6129344728,-90.195629206
115995251,2022-05-07,30.5654489968,-88.6254332587
116068281,2022-05-07,33.2727497473,-88.7768718629
116168634,2022-05-08,32.4740907119,-89.8019956527
116344626,2017-11-29,30.3978527778,-88.7898777778
116344703,2017-11-29,30.3978916667,-88.7901083333
116373507,2022-05-09,30.3800458747,-89.6169155825
116461125,2022-05-10,30.3822517898,-89.6178494872
116461144,2022-05-10,30.3822517898,-89.6178494872
116574390,2019-04-26,30.397728,-88.791654
116580154,2022-05-11,30.4739616667,-88.6621333333
116712328,2022-05-12,30.4678510207,-88.6198838296
116712893,2022-05-12,30.3936759718,-88.7982588108
116924916,2022-05-13,30.3801683683,-89.6172562693
117042206,2019-11-18,30.397887,-88.790126
117129216,2022-05-07,30.3938677055,-88.7881423214
117339545,2022-05-16,30.3822517898,-89.6178494872
117386219,2020-01-15,30.397887,-88.790126
117436550,2022-05-16,33.2776966667,-88.777405
117436658,2022-05-16,33.2775166667,-88.7773216667
117495076,2022-05-17,33.2625166667,-88.7777116667
117625241,2020-03-13,30.397735,-88.791986
117849796,2022-05-14,33.2736583333,-88.7903833333
118113022,2022-05-21,33.2875,-88.7821997222
118395314,2022-04-24,33.2715527778,-88.7758722222
118634616,2021-03-21,33.2889815097,-88.7870393693
118668472,2022-05-21,33.278395,-88.757345
118768504,2022-05-20,32.3255859199,-90.149908
118768530,2022-05-20,32.3267212399,-90.14624997
118769605,2022-05-21,32.388482615,-90.0416040735
118769616,2022-05-21,32.388482615,-90.0416040735
118769620,2022-05-21,32.388482615,-90.0416040735
118776349,2022-05-20,32.32558166,-90.14963056
118810122,2022-05-26,30.3822517898,-89.6178494872
118810130,2022-05-26,30.3822517898,-89.6178494872
118810146,2022-05-26,30.3822517898,-89.6178494872
118944620,2022-05-07,30.3938848134,-88.7878239157
119267017,2022-05-29,31.360675,-91.416755
119509023,2021-09-07,30.397889,-88.790125
119735989,2022-06-01,30.3822517898,-89.6178494872
119770655,2022-06-01,30.3822517898,-89.6178494872
119770658,2022-06-01,30.3822517898,-89.6178494872
119852938,2022-06-01,30.3928033333,-88.7977533333
120272284,2022-06-04,32.378648628,-90.0167797325
120619442,2022-06-06,30.3803113924,-89.6170540899
120620651,2022-06-06,30.3800411457,-89.6169058706
120621492,2022-06-06,30.3799349277,-89.6170267645
120903990,2022-06-07,33.5320341806,-88.498019284
121764442,2022-06-14,30.3822517898,-89.6178494872
122688869,2021-04-07,30.3775668813,-88.5497332737
122987822,2022-06-22,30.2491180795,-89.0673391724
123908663,2022-06-28,32.3884201376,-90.0492632111
124134766,2022-06-30,32.57977,-89.8695133333
124159867,2022-06-30,30.3822517898,-89.6178494872
124250594,2022-07-01,30.3822517898,-89.6178494872
124555999,2022-07-03,30.3353199952,-88.740210396
124589518,2022-07-02,31.3614969,-91.4177235
124603923,2022-07-03,30.2332894621,-88.6822256462
124933372,2022-07-02,30.2141082633,-88.7315117251
124933398,2022-07-03,30.3399288623,-88.6027652962
125347546,2022-07-08,30.3822517898,-89.6178494872
125829122,2022-07-11,30.3822517898,-89.6178494872
126111665,2022-07-13,30.3822517898,-89.6178494872
126126415,2022-07-13,30.3800109642,-89.6170522929
129310154,2022-08-03,30.380265067,-89.6166315316
129440335,2022-08-04,30.3822517898,-89.6178494872
129470785,2022-08-04,30.3795849781,-89.6164375058
129603409,2022-08-05,30.3799005065,-89.6162703315
129603925,2022-08-05,30.3802015674,-89.6166321422
129725422,2018-08-05,30.3979427617,-88.7901235744
130282127,2022-08-10,30.3822517898,-89.6178494872
130405498,2022-08-11,30.3822517898,-89.6178494872
130900237,2021-09-16,30.3981033333,-88.7901783333
130963569,2022-08-15,30.2167659784,-88.9426584542
130991262,2022-08-15,30.3801522934,-89.6181895504
131082265,2022-08-16,30.3822517898,-89.6178494872
131082272,2022-08-16,30.3822517898,-89.6178494872
131104240,2022-08-16,30.3822517898,-89.6178494872
131149493,2022-08-16,30.3802187663,-89.6166933744
131223270,2022-08-17,30.3802810918,-89.6166395966
131257532,2022-08-17,30.3799307739,-89.6170859144
131368799,2022-08-18,30.3822517898,-89.6178494872
131378732,2022-08-03,30.207576,-88.492325
132038828,2022-08-23,30.3822517898,-89.6178494872
132038837,2022-08-23,30.3822517898,-89.6178494872
132063996,2022-08-23,30.3798706438,-89.6164243378
132104083,2022-08-23,30.3797908394,-89.6165062939
132209450,2022-06-02,31.9939333333,-90.4681866667
132361424,2022-08-25,30.3745899391,-89.6145104853
132454069,2022-08-26,30.3822517898,-89.6178494872
132454072,2022-08-26,30.3822517898,-89.6178494872
132470813,2022-08-26,30.3799218057,-89.6161649985
133155063,2022-08-31,30.3822517898,-89.6178494872
133155066,2022-08-31,30.3822517898,-89.6178494872
133372443,2022-09-02,30.3279068,-89.6275705
133383136,2022-09-02,30.3799877214,-89.6163052076
133966803,2022-09-06,30.3760818717,-89.6155099024
133966877,2022-09-06,30.380323809,-89.6162905148
134117465,2022-09-07,30.3801725889,-89.6176994336
134120706,2022-09-07,30.380237468,-89.6166717329
134253005,2022-09-08,30.3801066443,-89.6166162383
134333992,2022-09-09,30.3822517898,-89.6178494872
134334008,2022-09-09,30.3822517898,-89.6178494872
134352620,2022-09-09,30.3822517898,-89.6178494872
134434535,2020-07-07,32.46193,-90.1318055
134487306,2017-05-26,32.58075,-91.0262528333
134487324,2017-05-27,32.5765633333,-91.0301445
134751841,2022-09-12,30.3822517898,-89.6178494872
134751847,2022-09-12,30.3822517898,-89.6178494872
134751849,2022-09-12,30.3822517898,-89.6178494872
134751850,2022-09-12,30.3822517898,-89.6178494872
134792929,2022-09-12,30.3801218185,-89.6169445603
134895817,2022-09-13,30.3822517898,-89.6178494872
134895825,2022-09-13,30.3822517898,-89.6178494872
135196159,2022-09-15,30.3801150993,-89.6166004033
135196244,2022-09-15,30.3800506164,-89.6166115532
135662191,2022-09-19,30.3822517898,-89.6178494872
135662204,2022-09-19,30.3822517898,-89.6178494872
135716082,2022-09-19,30.3801933393,-89.6163242316
135716123,2022-09-19,30.3800498368,-89.6162449196
135716180,2022-09-19,30.379938906,-89.61667296
135845945,2022-09-18,30.41445,-88.54342
135970019,2022-09-21,30.3799685765,-89.6162045156
135970133,2022-09-21,30.379899324,-89.6163661323
136086862,2022-09-22,30.3805528297,-89.6169959826
136212298,2022-09-23,30.3804383162,-89.618029303
136332707,2022-09-24,30.426009177,-88.5624201223
136438033,2022-09-24,33.274175,-88.7903777778
136740351,2022-09-27,30.3802510017,-89.6168966749
136740538,2022-09-27,30.3802126794,-89.6163779638
136853545,2022-09-28,30.3800282362,-89.6168740851
137022023,2022-09-28,31.9379166667,-90.181655
137090731,2022-09-30,30.3798326884,-89.6161324332
137090947,2022-09-30,30.3808227201,-89.6171160603
137592906,2022-10-04,30.3801144449,-89.6171060294
137677780,2022-10-05,30.3822517898,-89.6178494872
137677784,2022-10-05,30.3822517898,-89.6178494872
137686977,2022-10-05,30.3802155383,-89.6172801161
137687084,2022-10-05,30.380221216,-89.6162368744
137924127,2022-10-07,30.3456979889,-88.5230278596
138026989,2022-10-08,31.3614969,-91.4177235
138525851,2022-10-12,30.3822517898,-89.6178494872
138632402,2022-10-13,30.3822517898,-89.6178494872
139359850,2022-10-19,30.3822517898,-89.6178494872
139359854,2022-10-19,30.3822517898,-89.6178494872
139396614,2022-10-19,30.3807764515,-89.6181564079
139396620,2022-10-19,30.3802020013,-89.6175452415
139491368,2022-10-20,30.3801622969,-89.616769934
139561788,2022-10-21,30.3279068,-89.6275705
139568734,2022-10-21,30.3808150043,-89.6172017833
139569178,2022-10-21,30.3795442287,-89.6164082502
139700134,2022-10-22,33.2743158295,-88.7905241143
140121419,2022-10-26,30.3801464506,-89.616249266
140732296,2022-10-31,30.3794872473,-89.6168275473
140830214,2022-11-01,30.3822517898,-89.6178494872
140907895,2022-11-02,30.3822517898,-89.6178494872
140907919,2022-11-02,30.3822517898,-89.6178494872
140919110,2022-11-02,30.3801529252,-89.6170358867
140919766,2022-11-02,30.3798797466,-89.616425654
140919910,2022-11-02,30.3799498005,-89.6166217887
140919939,2022-11-02,30.3788922473,-89.6160919364
140973859,2022-11-03,30.3822517898,-89.6178494872
141024657,2022-11-03,30.3978954543,-88.7898428034
141040164,2022-11-03,30.3799791436,-89.617421535
141067901,2022-04-28,30.2176484265,-89.4862617097
141067916,2022-04-28,30.2174621997,-89.4839458
141106062,2022-11-04,30.3802120019,-89.6163809206
141206302,2022-11-05,30.3491494738,-88.7178847228
141481349,2022-11-08,30.3822517898,-89.6178494872
141503785,2022-11-08,30.3798037474,-89.6162207993
141503849,2022-11-08,30.3799343182,-89.6163024834
141556109,2022-11-09,30.3822517898,-89.6178494872
141556110,2022-11-09,30.3822517898,-89.6178494872
141556114,2022-11-09,30.3822517898,-89.6178494872
141570905,2022-11-09,30.3800901517,-89.6162776701
141631740,2022-11-10,30.3822517898,-89.6178494872
141631742,2022-11-10,30.3822517898,-89.6178494872
141648014,2022-11-10,30.3802704512,-89.6171698824
141979372,2022-10-10,30.3978833333,-88.7902
142011710,2022-11-14,30.3822517898,-89.6178494872
142089956,2022-11-15,30.3822517898,-89.6178494872
142169540,2022-11-16,30.3822517898,-89.6178494872
142169571,2022-11-16,30.3822517898,-89.6178494872
142242236,2022-11-17,30.3822517898,-89.6178494872
142242252,2022-11-17,30.3822517898,-89.6178494872
142549175,2022-11-21,30.3822517898,-89.6178494872
142549177,2022-11-21,30.3822517898,-89.6178494872
142579620,2022-11-21,30.3800284823,-89.6174552676
142724293,2022-11-23,30.3822517898,-89.6178494872
142724294,2022-11-23,30.3822517898,-89.6178494872
142724306,2022-11-23,30.3822517898,-89.6178494872
142724313,2022-11-23,30.3822517898,-89.6178494872
142724315,2022-11-23,30.3822517898,-89.6178494872
142724320,2022-11-23,30.3822517898,-89.6178494872
142724328,2022-11-23,30.3822517898,-89.6178494872
142724349,2022-11-23,30.3822517898,-89.6178494872
142724355,2022-11-23,30.3822517898,-89.6178494872
143199565,2022-11-28,30.3822517898,-89.6178494872
143205545,2022-11-28,30.3822517898,-89.6178494872
143232018,2022-11-28,30.3798418669,-89.6168332187
143232058,2022-11-28,30.3801433229,-89.6167248031
143232192,2022-11-28,30.3803762789,-89.616946059
143360583,2022-11-30,30.3822517898,-89.6178494872
143379021,2022-11-30,30.3822517898,-89.6178494872
143379028,2022-11-30,30.3822517898,-89.6178494872
143443292,2022-12-01,30.3822517898,-89.6178494872
144272835,2022-12-12,30.3796050485,-89.6175237381
144325489,2022-12-13,30.3822517898,-89.6178494872
144325492,2022-12-13,30.3822517898,-89.6178494872
144325517,2022-12-13,30.3822517898,-89.6178494872
144325521,2022-12-13,30.3822517898,-89.6178494872
144325522,2022-12-13,30.3822517898,-89.6178494872
144363333,2022-12-13,30.3822517898,-89.6178494872
144363336,2022-12-13,30.3822517898,-89.6178494872
144397736,2022-12-14,30.35940678,-89.6172784012
144397954,2022-12-14,30.3798042528,-89.6175070559
145204545,2022-12-27,30.3822517898,-89.6178494872
145278376,2022-12-28,30.3822517898,-89.6178494872
145278381,2022-12-28,30.3822517898,-89.6178494872
145301281,2022-12-28,30.3822517898,-89.6178494872
145301287,2022-12-28,30.3822517898,-89.6178494872
145368345,2022-12-29,30.3822517898,-89.6178494872
145389228,2022-12-29,30.3804595517,-89.619249533
145389382,2022-12-29,30.3810420883,-89.6183866774
145396633,2022-12-29,30.3799910784,-89.6175214674
145447543,2022-12-30,30.3822517898,-89.6178494872
145447550,2022-12-30,30.3822517898,-89.6178494872
145447552,2022-12-30,30.3822517898,-89.6178494872
145772922,2023-01-03,30.3822517898,-89.6178494872
145772926,2023-01-03,30.3822517898,-89.6178494872
145772928,2023-01-03,30.3822517898,-89.6178494872
145854749,2023-01-04,30.3822517898,-89.6178494872
145854759,2023-01-03,30.3822517898,-89.6178494872
145854761,2023-01-03,30.3822517898,-89.6178494872
145854768,2023-01-03,30.3822517898,-89.6178494872
145854770,2023-01-03,30.3822517898,-89.6178494872
145854782,2023-01-03,30.3822517898,-89.6178494872
145854784,2023-01-04,30.3822517898,-89.6178494872
145854791,2023-01-04,30.3822517898,-89.6178494872
145854795,2023-01-04,30.3822517898,-89.6178494872
145854798,2023-01-04,30.3822517898,-89.6178494872
145895484,2023-01-04,30.380091403,-89.6176105292
145979740,2023-01-06,30.3822517898,-89.6178494872
145979748,2023-01-06,30.3822517898,-89.6178494872
145995315,2023-01-06,30.40074104,-88.75214662
145995316,2023-01-06,30.40076384,-88.75214377
145999085,2023-01-03,30.3468138889,-88.7121972222
146013748,2023-01-06,31.9699796508,-89.9620645791
146070835,2016-08-20,32.5602349142,-89.8872519307
146226140,2023-01-09,30.3822517898,-89.6178494872
146226154,2023-01-09,30.3822517898,-89.6178494872
146250327,2023-01-09,30.3801590778,-89.6172585672
146341281,2023-01-10,30.3822517898,-89.6178494872
146341300,2023-01-10,30.3822517898,-89.6178494872
146341301,2023-01-10,30.3822517898,-89.6178494872
146355631,2023-01-11,30.3822517898,-89.6178494872
146355635,2023-01-11,30.3822517898,-89.6178494872
146355655,2023-01-11,30.3822517898,-89.6178494872
146355656,2023-01-11,30.3822517898,-89.6178494872
146446600,2023-01-12,30.380337559,-89.6175567371
146472313,2023-01-13,30.3822517898,-89.6178494872
146481262,2023-01-13,30.3822517898,-89.6178494872
146571160,2023-01-10,33.2831235,-88.7792266167
146935312,2023-01-19,30.380147826,-89.6171511876
147240780,2023-01-23,30.3801292508,-89.6169460296
147804982,2023-01-31,30.3803502,-89.6161773812
147805000,2023-01-31,30.3800414666,-89.6175076035
147805014,2023-01-31,30.3799930615,-89.6176265332
148131624,2023-02-05,33.278319425,-88.7944405898
148347641,2019-06-26,30.4389092649,-88.8143714145
148363339,2023-02-07,30.3797090043,-89.6174186982
